{
  "Season2": {
    "battlePassPurchased": false,
    "battlePassTier": 1,
    "battlePassXPBoost": 0,
    "battlePassXPFriendBoost": 0
  },
  "Season3": {
    "battlePassPurchased": false,
    "battlePassTier": 1,
    "battlePassXPBoost": 0,
    "battlePassXPFriendBoost": 0
  },
  "Season4": {
    "battlePassPurchased": false,
    "battlePassTier": 1,
    "battlePassXPBoost": 0,
    "battlePassXPFriendBoost": 0
  },
  "Season5": {
    "battlePassPurchased": false,
    "battlePassTier": 1,
    "battlePassXPBoost": 0,
    "battlePassXPFriendBoost": 0
  },
  "Season6": {
    "battlePassPurchased": true,
    "battlePassTier": 100,
    "battlePassXPBoost": 120,
    "battlePassXPFriendBoost": 40
  },
  "Season7": {
    "battlePassPurchased": true,
    "battlePassTier": 100,
    "battlePassXPBoost": 120,
    "battlePassXPFriendBoost": 40
  },
  "Season8": {
    "battlePassPurchased": true,
    "battlePassTier": 100,
    "battlePassXPBoost": 120,
    "battlePassXPFriendBoost": 120
  },
  "Season9": {
    "battlePassPurchased": true,
    "battlePassTier": 100,
    "battlePassXPBoost": 120,
    "battlePassXPFriendBoost": 120
  },
  "Season10": {
    "battlePassPurchased": false,
    "battlePassTier": 1,
    "battlePassXPBoost": 0,
    "battlePassXPFriendBoost": 0
  }
}