{
    "//": "BR Item Shop Config",
    "daily1": {
        "itemGrants": ["AthenaDance:EID_FireworksSpin"], 
        "price": 500
    },
    "daily2": {
        "itemGrants": ["AthenaPickaxe:Pickaxe_ID_025_Dragon"], 
        "price": 800
    },
    "daily3": {
        "itemGrants": ["AthenaGlider:Glider_ID_010_Storm"], 
        "price": 1200
    },
    "daily4": {
        "itemGrants": ["AthenaCharacter:CID_158_Athena_Commando_F_StarsAndStripes"], 
        "price": 800
    },
    "daily5": {
        "itemGrants": ["AthenaCharacter:CID_157_Athena_Commando_M_StarsAndStripes"], 
        "price": 800
    },
    "daily6": {
        "itemGrants": ["AthenaDance:EID_EasternBloc"], 
        "price": 800
    },
    "featured2": {
        "itemGrants": ["AthenaCharacter:CID_156_Athena_Commando_F_FuzzyBearInd"], 
        "price": 1500
    },
    "featured1": {
        "itemGrants": ["AthenaPickaxe:Pickaxe_ID_043_OrbitingPlanets"],
        "itemGrant2": ["AthenaGlider:Glider_ID_027_Satelite"],
        "itemGrants3": ["AthenaCharacter:CID_108_Athena_Commando_M_Fishhead"],
        "price": 1500
    }
}